{
  "train_mae": 31.4891889062698,
  "val_mae": 27.566464877116342,
  "test_mae": 31.971722367235802,
  "train_rmse": 44.075168004082045,
  "val_rmse": 38.19728644474088,
  "test_rmse": 41.69988962648629,
  "train_r2": 0.6076482241352767,
  "val_r2": 0.6591430326978244,
  "test_r2": 0.5871404566869232,
  "features": [
    "sensor11",
    "sensor4",
    "sensor12",
    "sensor7",
    "sensor15",
    "sensor21",
    "sensor20",
    "sensor2",
    "sensor17",
    "sensor3",
    "sensor8",
    "sensor13",
    "sensor9",
    "sensor14",
    "sensor6",
    "sensor5",
    "sensor16",
    "setting1",
    "setting2",
    "setting3"
  ],
  "n_estimators": 30,
  "max_depth": 5,
  "min_samples_split": 20,
  "min_samples_leaf": 10
}